Video.URL,Topic
https://www.youtube.com/watch?v=9GIPK8laV9A,Neet
https://www.youtube.com/watch?v=7AGgtfMb6NU,Neet
https://www.youtube.com/watch?v=AATM9N-M0SA,Neet
https://www.youtube.com/watch?v=IzVsDOPUL9s,Neet
https://www.youtube.com/watch?v=BnGHbHsTm5Y,Neet
https://www.youtube.com/shorts/kstyNX0CIcA,Neet
https://www.youtube.com/watch?v=gUz5b0B34VU,Free Bus pass for women
https://www.youtube.com/watch?v=0lg6tsJqRcM,Free Bus pass for women
https://www.youtube.com/watch?v=5QW_L8f3nag,Free Bus pass for women
https://www.youtube.com/shorts/AenJouexalU,Free Bus pass for women
https://www.youtube.com/watch?v=hX-dyz2xV4Y,Covid Vaccine
https://www.youtube.com/watch?v=bxvfS_CGPz8,Covid Vaccine
https://www.youtube.com/watch?v=PSpkTLnYQEQ,Covid Vaccine
https://www.youtube.com/watch?v=GcnRa0OiM4o,Covid Vaccine
https://www.youtube.com/watch?v=hOAWd_TX-po,Covid Vaccine
